Workbook
Name Month: Table3[Months]
Name Month: Table3[Months]
Name Team: Table1[Name]
Name Team: Table1[Name]
Name Year: Table4[Year]
Name Year: Table4[Year]

Sheet Instructions
D2: INSTRUCTIONS
D4: Please use these codes appropriately in the timesheet
D5: WO | E5: Week off for Saturday and Sundays
D6: OFF | E6: When the team member has taken an off
D7: H | E7: Public or National Holiday

Sheet Jan'26
B1: MONTH | C1: YEAR | E1: PROJECT
B2: January | C2: 2026 | E2: ProjectX
L4: =UPPER(TEXT(DATE($C$2,_xlfn.XLOOKUP($B$2,Data!$B$2:$B$13,Data!$C$2:$C$13),Table27[[#Headers],[1]]),"DDD")) -> THU | M4: =UPPER(TEXT(DATE($C$2,_xlfn.XLOOKUP($B$2,Data!$B$2:$B$13,Data!$C$2:$C$13),Table27[[#Headers],[2]]),"DDD")) -> FRI | N4: =UPPER(TEXT(DATE($C$2,_xlfn.XLOOKUP($B$2,Data!$B$2:$B$13,Data!$C$2:$C$13),Table27[[#Headers],[3]]),"DDD")) -> SAT | O4: =UPPER(TEXT(DATE($C$2,_xlfn.XLOOKUP($B$2,Data!$B$2:$B$13,Data!$C$2:$C$13),Table27[[#Headers],[4]]),"DDD")) -> SUN | P4: =UPPER(TEXT(DATE($C$2,_xlfn.XLOOKUP($B$2,Data!$B$2:$B$13,Data!$C$2:$C$13),Table27[[#Headers],[5]]),"DDD")) -> MON | Q4: =UPPER(TEXT(DATE($C$2,_xlfn.XLOOKUP($B$2,Data!$B$2:$B$13,Data!$C$2:$C$13),Table27[[#Headers],[6]]),"DDD")) -> TUE | R4: =UPPER(TEXT(DATE($C$2,_xlfn.XLOOKUP($B$2,Data!$B$2:$B$13,Data!$C$2:$C$13),Table27[[#Headers],[7]]),"DDD")) -> WED | S4: =UPPER(TEXT(DATE($C$2,_xlfn.XLOOKUP($B$2,Data!$B$2:$B$13,Data!$C$2:$C$13),Table27[[#Headers],[8]]),"DDD")) -> THU | T4: =UPPER(TEXT(DATE($C$2,_xlfn.XLOOKUP($B$2,Data!$B$2:$B$13,Data!$C$2:$C$13),Table27[[#Headers],[9]]),"DDD")) -> FRI | U4: =UPPER(TEXT(DATE($C$2,_xlfn.XLOOKUP($B$2,Data!$B$2:$B$13,Data!$C$2:$C$13),Table27[[#Headers],[10]]),"DDD")) -> SAT | V4: =UPPER(TEXT(DATE($C$2,_xlfn.XLOOKUP($B$2,Data!$B$2:$B$13,Data!$C$2:$C$13),Table27[[#Headers],[11]]),"DDD")) -> SUN | W4: =UPPER(TEXT(DATE($C$2,_xlfn.XLOOKUP($B$2,Data!$B$2:$B$13,Data!$C$2:$C$13),Table27[[#Headers],[12]]),"DDD")) -> MON | X4: =UPPER(TEXT(DATE($C$2,_xlfn.XLOOKUP($B$2,Data!$B$2:$B$13,Data!$C$2:$C$13),Table27[[#Headers],[13]]),"DDD")) -> TUE | Y4: =UPPER(TEXT(DATE($C$2,_xlfn.XLOOKUP($B$2,Data!$B$2:$B$13,Data!$C$2:$C$13),Table27[[#Headers],[14]]),"DDD")) -> WED | Z4: =UPPER(TEXT(DATE($C$2,_xlfn.XLOOKUP($B$2,Data!$B$2:$B$13,Data!$C$2:$C$13),Table27[[#Headers],[15]]),"DDD")) -> THU | AA4: =UPPER(TEXT(DATE($C$2,_xlfn.XLOOKUP($B$2,Data!$B$2:$B$13,Data!$C$2:$C$13),Table27[[#Headers],[16]]),"DDD")) -> FRI | AB4: =UPPER(TEXT(DATE($C$2,_xlfn.XLOOKUP($B$2,Data!$B$2:$B$13,Data!$C$2:$C$13),Table27[[#Headers],[17]]),"DDD")) -> SAT | AC4: =UPPER(TEXT(DATE($C$2,_xlfn.XLOOKUP($B$2,Data!$B$2:$B$13,Data!$C$2:$C$13),Table27[[#Headers],[18]]),"DDD")) -> SUN | AD4: =UPPER(TEXT(DATE($C$2,_xlfn.XLOOKUP($B$2,Data!$B$2:$B$13,Data!$C$2:$C$13),Table27[[#Headers],[19]]),"DDD")) -> MON | AE4: =UPPER(TEXT(DATE($C$2,_xlfn.XLOOKUP($B$2,Data!$B$2:$B$13,Data!$C$2:$C$13),Table27[[#Headers],[20]]),"DDD")) -> TUE | AF4: =UPPER(TEXT(DATE($C$2,_xlfn.XLOOKUP($B$2,Data!$B$2:$B$13,Data!$C$2:$C$13),Table27[[#Headers],[21]]),"DDD")) -> WED | AG4: =UPPER(TEXT(DATE($C$2,_xlfn.XLOOKUP($B$2,Data!$B$2:$B$13,Data!$C$2:$C$13),Table27[[#Headers],[22]]),"DDD")) -> THU | AH4: =UPPER(TEXT(DATE($C$2,_xlfn.XLOOKUP($B$2,Data!$B$2:$B$13,Data!$C$2:$C$13),Table27[[#Headers],[23]]),"DDD")) -> FRI | AI4: =UPPER(TEXT(DATE($C$2,_xlfn.XLOOKUP($B$2,Data!$B$2:$B$13,Data!$C$2:$C$13),Table27[[#Headers],[24]]),"DDD")) -> SAT | AJ4: =UPPER(TEXT(DATE($C$2,_xlfn.XLOOKUP($B$2,Data!$B$2:$B$13,Data!$C$2:$C$13),Table27[[#Headers],[25]]),"DDD")) -> SUN | AK4: =UPPER(TEXT(DATE($C$2,_xlfn.XLOOKUP($B$2,Data!$B$2:$B$13,Data!$C$2:$C$13),Table27[[#Headers],[26]]),"DDD")) -> MON | AL4: =UPPER(TEXT(DATE($C$2,_xlfn.XLOOKUP($B$2,Data!$B$2:$B$13,Data!$C$2:$C$13),Table27[[#Headers],[27]]),"DDD")) -> TUE | AM4: =UPPER(TEXT(DATE($C$2,_xlfn.XLOOKUP($B$2,Data!$B$2:$B$13,Data!$C$2:$C$13),Table27[[#Headers],[28]]),"DDD")) -> WED | AN4: =UPPER(TEXT(DATE($C$2,_xlfn.XLOOKUP($B$2,Data!$B$2:$B$13,Data!$C$2:$C$13),Table27[[#Headers],[29]]),"DDD")) -> THU | AO4: =UPPER(TEXT(DATE($C$2,_xlfn.XLOOKUP($B$2,Data!$B$2:$B$13,Data!$C$2:$C$13),Table27[[#Headers],[30]]),"DDD")) -> FRI | AP4: =UPPER(TEXT(DATE($C$2,_xlfn.XLOOKUP($B$2,Data!$B$2:$B$13,Data!$C$2:$C$13),Table27[[#Headers],[24]]),"DDD")) -> SAT
B5: Total Bill | E5: Emp ID | F5: Role as per SoW | G5: Name | H5: Max Billable Hours | I5: Actual Hours | J5: Rate | K5: Final Billing Amount | L5: 1 | M5: 2 | N5: 3 | O5: 4 | P5: 5 | Q5: 6 | R5: 7 | S5: 8 | T5: 9 | U5: 10 | V5: 11 | W5: 12 | X5: 13 | Y5: 14 | Z5: 15 | AA5: 16 | AB5: 17 | AC5: 18 | AD5: 19 | AE5: 20 | AF5: 21 | AG5: 22 | AH5: 23 | AI5: 24 | AJ5: 25 | AK5: 26 | AL5: 27 | AM5: 28 | AN5: 29 | AO5: 30 | AP5: 31 | AQ5: Status | AR5: Billing % | AS5: cost_rate
B6: =SUM(Table27[Final Billing Amount]) -> 48240 | E6: 1100-1234 | F6: =_xlfn.XLOOKUP(Table27[[#This Row],[Emp ID]],Table1[Emp ID],Table1[Role as per SoW]) -> Business Analyst | G6: =_xlfn.XLOOKUP(Table27[[#This Row],[Emp ID]],Table1[Emp ID],Table1[Name]) -> employee1 | H6: =IF(Table27[[#This Row],[Status]]="Active",SUM(COUNT(Table27[[#This Row],[1]:[31]]), COUNTIF(Table27[[#This Row],[1]:[31]],"OFF"))*_xlfn.XLOOKUP(Table27[[#This Row],[Name]],Table1[Name],Table1[Billable Hours per day]),"") -> 168 | I6: =IF(Table27[[#This Row],[Status]]="Active",SUM(Table27[[#This Row],[1]:[31]]),"") -> 168 | J6: 30 | K6: =IFERROR(Table27[[#This Row],[Actual Hours]]*Table27[[#This Row],[Rate]],"") -> 5040 | L6: 8 | M6: 8 | N6: 8 | O6: 8 | P6: 8 | Q6: WO | R6: WO | S6: 8 | T6: 8 | U6: 8 | V6: 8 | W6: 8 | X6: WO | Y6: WO | Z6: 8 | AA6: 8 | AB6: PH | AC6: 8 | AD6: 8 | AE6: WO | AF6: WO | AG6: 8 | AH6: 8 | AI6: 8 | AJ6: 8 | AK6: PH | AL6: WO | AM6: WO | AN6: 8 | AO6: 8 | AP6: 8 | AQ6: =_xlfn.IFNA(_xlfn.XLOOKUP(Table27[[#This Row],[Name]],Table1[Name],Table1[Status]),"") -> Active | AR6: =Table27[[#This Row],[Actual Hours]]/Table27[[#This Row],[Max Billable Hours]] -> 1 | AS6: 20
B7: Max Billable | E7: 1100-1235 | F7: =_xlfn.XLOOKUP(Table27[[#This Row],[Emp ID]],Table1[Emp ID],Table1[Role as per SoW]) -> Business Analyst | G7: =_xlfn.XLOOKUP(Table27[[#This Row],[Emp ID]],Table1[Emp ID],Table1[Name]) -> employee2 | H7: =IF(Table27[[#This Row],[Status]]="Active",SUM(COUNT(Table27[[#This Row],[1]:[31]]), COUNTIF(Table27[[#This Row],[1]:[31]],"OFF"))*_xlfn.XLOOKUP(Table27[[#This Row],[Name]],Table1[Name],Table1[Billable Hours per day]),"") | I7: =IF(Table27[[#This Row],[Status]]="Active",SUM(Table27[[#This Row],[1]:[31]]),"") | J7: 30 | K7: =IFERROR(Table27[[#This Row],[Actual Hours]]*Table27[[#This Row],[Rate]],"") | L7: 8 | N7: 8 | O7: 8 | Q7: WO | R7: WO | S7: 8 | U7: 8 | V7: 8 | W7: 8 | X7: WO | Y7: WO | Z7: 8 | AA7: 8 | AB7: PH | AC7: 8 | AD7: 8 | AE7: WO | AF7: WO | AG7: 8 | AH7: 8 | AI7: 8 | AJ7: 8 | AK7: PH | AL7: WO | AM7: WO | AN7: 8 | AO7: 8 | AP7: 8 | AQ7: =_xlfn.IFNA(_xlfn.XLOOKUP(Table27[[#This Row],[Name]],Table1[Name],Table1[Status]),"") -> Inactive | AR7: =Table27[[#This Row],[Actual Hours]]/Table27[[#This Row],[Max Billable Hours]] -> #VALUE! | AS7: 20
E8: 1100-1236 | F8: =_xlfn.XLOOKUP(Table27[[#This Row],[Emp ID]],Table1[Emp ID],Table1[Role as per SoW]) -> Technical Lead | G8: =_xlfn.XLOOKUP(Table27[[#This Row],[Emp ID]],Table1[Emp ID],Table1[Name]) -> employee3 | H8: =IF(Table27[[#This Row],[Status]]="Active",SUM(COUNT(Table27[[#This Row],[1]:[31]]), COUNTIF(Table27[[#This Row],[1]:[31]],"OFF"))*_xlfn.XLOOKUP(Table27[[#This Row],[Name]],Table1[Name],Table1[Billable Hours per day]),"") -> 144 | I8: =IF(Table27[[#This Row],[Status]]="Active",SUM(Table27[[#This Row],[1]:[31]]),"") -> 144 | J8: 34 | K8: =IFERROR(Table27[[#This Row],[Actual Hours]]*Table27[[#This Row],[Rate]],"") -> 4896 | L8: 8 | M8: 8 | N8: 8 | O8: 8 | P8: 8 | Q8: WO | R8: WO | S8: 8 | T8: 8 | U8: 8 | V8: 8 | W8: 8 | X8: WO | Y8: WO | Z8: 8 | AB8: PH | AC8: 8 | AE8: WO | AF8: WO | AG8: 8 | AI8: 8 | AJ8: 8 | AK8: PH | AL8: WO | AM8: WO | AN8: 8 | AO8: 8 | AP8: 8 | AQ8: =_xlfn.IFNA(_xlfn.XLOOKUP(Table27[[#This Row],[Name]],Table1[Name],Table1[Status]),"") -> Active | AR8: =Table27[[#This Row],[Actual Hours]]/Table27[[#This Row],[Max Billable Hours]] -> 1 | AS8: 30
B9: =SUM(Table27[Max Billable Hours]) -> 1616 | E9: 1100-1237 | F9: =_xlfn.XLOOKUP(Table27[[#This Row],[Emp ID]],Table1[Emp ID],Table1[Role as per SoW]) -> Solution Architect | G9: =_xlfn.XLOOKUP(Table27[[#This Row],[Emp ID]],Table1[Emp ID],Table1[Name]) -> employee4 | H9: =IF(Table27[[#This Row],[Status]]="Active",SUM(COUNT(Table27[[#This Row],[1]:[31]]), COUNTIF(Table27[[#This Row],[1]:[31]],"OFF"))*_xlfn.XLOOKUP(Table27[[#This Row],[Name]],Table1[Name],Table1[Billable Hours per day]),"") | I9: =IF(Table27[[#This Row],[Status]]="Active",SUM(Table27[[#This Row],[1]:[31]]),"") | J9: 35 | K9: =IFERROR(Table27[[#This Row],[Actual Hours]]*Table27[[#This Row],[Rate]],"") | L9: 8 | M9: 2 | N9: 8 | O9: 8 | P9: 2 | Q9: WO | R9: WO | S9: 8 | T9: 2 | U9: 8 | V9: 8 | W9: 2 | X9: WO | Y9: WO | Z9: 8 | AA9: 2 | AB9: PH | AC9: 8 | AD9: 2 | AE9: WO | AF9: WO | AG9: 8 | AH9: 2 | AI9: 8 | AJ9: 8 | AK9: PH | AL9: WO | AM9: WO | AN9: 8 | AO9: 8 | AP9: 8 | AQ9: =_xlfn.IFNA(_xlfn.XLOOKUP(Table27[[#This Row],[Name]],Table1[Name],Table1[Status]),"") -> Inactive | AR9: =Table27[[#This Row],[Actual Hours]]/Table27[[#This Row],[Max Billable Hours]] -> #VALUE! | AS9: 20
E10: 1100-1238 | F10: =_xlfn.XLOOKUP(Table27[[#This Row],[Emp ID]],Table1[Emp ID],Table1[Role as per SoW]) -> Pre Sales Consultant | G10: =_xlfn.XLOOKUP(Table27[[#This Row],[Emp ID]],Table1[Emp ID],Table1[Name]) -> employee5 | H10: =IF(Table27[[#This Row],[Status]]="Active",SUM(COUNT(Table27[[#This Row],[1]:[31]]), COUNTIF(Table27[[#This Row],[1]:[31]],"OFF"))*_xlfn.XLOOKUP(Table27[[#This Row],[Name]],Table1[Name],Table1[Billable Hours per day]),"") | I10: =IF(Table27[[#This Row],[Status]]="Active",SUM(Table27[[#This Row],[1]:[31]]),"") | J10: 30 | K10: =IFERROR(Table27[[#This Row],[Actual Hours]]*Table27[[#This Row],[Rate]],"") | L10: 8 | M10: 8 | N10: 8 | O10: 8 | P10: 8 | Q10: WO | R10: WO | S10: 8 | T10: 8 | U10: 8 | V10: 8 | W10: 8 | X10: WO | Y10: WO | Z10: 8 | AA10: 8 | AB10: PH | AC10: 8 | AD10: 8 | AE10: WO | AF10: WO | AG10: 8 | AH10: 8 | AI10: 8 | AJ10: 8 | AK10: PH | AL10: WO | AM10: WO | AN10: 8 | AO10: 8 | AP10: 8 | AQ10: =_xlfn.IFNA(_xlfn.XLOOKUP(Table27[[#This Row],[Name]],Table1[Name],Table1[Status]),"") -> Inactive | AR10: =Table27[[#This Row],[Actual Hours]]/Table27[[#This Row],[Max Billable Hours]] -> #VALUE! | AS10: 25
E11: 1100-1239 | F11: =_xlfn.XLOOKUP(Table27[[#This Row],[Emp ID]],Table1[Emp ID],Table1[Role as per SoW]) -> Backend Developer | G11: =_xlfn.XLOOKUP(Table27[[#This Row],[Emp ID]],Table1[Emp ID],Table1[Name]) -> employee6 | H11: =IF(Table27[[#This Row],[Status]]="Active",SUM(COUNT(Table27[[#This Row],[1]:[31]]), COUNTIF(Table27[[#This Row],[1]:[31]],"OFF"))*_xlfn.XLOOKUP(Table27[[#This Row],[Name]],Table1[Name],Table1[Billable Hours per day]),"") -> 168 | I11: =IF(Table27[[#This Row],[Status]]="Active",SUM(Table27[[#This Row],[1]:[31]]),"") -> 168 | J11: 30 | K11: =IFERROR(Table27[[#This Row],[Actual Hours]]*Table27[[#This Row],[Rate]],"") -> 5040 | L11: 8 | M11: 8 | N11: 8 | O11: 8 | P11: 8 | Q11: WO | R11: WO | S11: 8 | T11: 8 | U11: 8 | V11: 8 | W11: 8 | X11: WO | Y11: WO | Z11: 8 | AA11: 8 | AB11: PH | AC11: 8 | AD11: 8 | AE11: WO | AF11: WO | AG11: 8 | AH11: 8 | AI11: 8 | AJ11: 8 | AK11: PH | AL11: WO | AM11: WO | AN11: 8 | AO11: 8 | AP11: 8 | AQ11: =_xlfn.IFNA(_xlfn.XLOOKUP(Table27[[#This Row],[Name]],Table1[Name],Table1[Status]),"") -> Active | AR11: =Table27[[#This Row],[Actual Hours]]/Table27[[#This Row],[Max Billable Hours]] -> 1 | AS11: 23
E12: 1100-1240 | F12: =_xlfn.XLOOKUP(Table27[[#This Row],[Emp ID]],Table1[Emp ID],Table1[Role as per SoW]) -> Frontend Developer | G12: =_xlfn.XLOOKUP(Table27[[#This Row],[Emp ID]],Table1[Emp ID],Table1[Name]) -> employee7 | H12: =IF(Table27[[#This Row],[Status]]="Active",SUM(COUNT(Table27[[#This Row],[1]:[31]]), COUNTIF(Table27[[#This Row],[1]:[31]],"OFF"))*_xlfn.XLOOKUP(Table27[[#This Row],[Name]],Table1[Name],Table1[Billable Hours per day]),"") -> 168 | I12: =IF(Table27[[#This Row],[Status]]="Active",SUM(Table27[[#This Row],[1]:[31]]),"") -> 160 | J12: 28 | K12: =IFERROR(Table27[[#This Row],[Actual Hours]]*Table27[[#This Row],[Rate]],"") -> 4480 | L12: 8 | M12: OFF | N12: 8 | O12: 8 | P12: 8 | Q12: WO | R12: WO | S12: 8 | T12: 8 | U12: 8 | V12: 8 | W12: 8 | X12: WO | Y12: WO | Z12: 8 | AA12: 8 | AB12: PH | AC12: 8 | AD12: 8 | AE12: WO | AF12: WO | AG12: 8 | AH12: 8 | AI12: 8 | AJ12: 8 | AK12: PH | AL12: WO | AM12: WO | AN12: 8 | AO12: 8 | AP12: 8 | AQ12: =_xlfn.IFNA(_xlfn.XLOOKUP(Table27[[#This Row],[Name]],Table1[Name],Table1[Status]),"") -> Active | AR12: =Table27[[#This Row],[Actual Hours]]/Table27[[#This Row],[Max Billable Hours]] -> 0.95238095 | AS12: 19
E13: 1100-1241 | F13: =_xlfn.XLOOKUP(Table27[[#This Row],[Emp ID]],Table1[Emp ID],Table1[Role as per SoW]) -> Quality Engineer | G13: =_xlfn.XLOOKUP(Table27[[#This Row],[Emp ID]],Table1[Emp ID],Table1[Name]) -> employee8 | H13: =IF(Table27[[#This Row],[Status]]="Active",SUM(COUNT(Table27[[#This Row],[1]:[31]]), COUNTIF(Table27[[#This Row],[1]:[31]],"OFF"))*_xlfn.XLOOKUP(Table27[[#This Row],[Name]],Table1[Name],Table1[Billable Hours per day]),"") -> 168 | I13: =IF(Table27[[#This Row],[Status]]="Active",SUM(Table27[[#This Row],[1]:[31]]),"") -> 160 | J13: 32 | K13: =IFERROR(Table27[[#This Row],[Actual Hours]]*Table27[[#This Row],[Rate]],"") -> 5120 | L13: 8 | M13: 8 | N13: 8 | O13: 8 | P13: 8 | Q13: WO | R13: WO | S13: 8 | T13: OFF | U13: 8 | V13: 8 | W13: 8 | X13: WO | Y13: WO | Z13: 8 | AA13: 8 | AB13: PH | AC13: 8 | AD13: 8 | AE13: WO | AF13: WO | AG13: 8 | AH13: 8 | AI13: 8 | AJ13: 8 | AK13: PH | AL13: WO | AM13: WO | AN13: 8 | AO13: 8 | AP13: 8 | AQ13: =_xlfn.IFNA(_xlfn.XLOOKUP(Table27[[#This Row],[Name]],Table1[Name],Table1[Status]),"") -> Active | AR13: =Table27[[#This Row],[Actual Hours]]/Table27[[#This Row],[Max Billable Hours]] -> 0.95238095 | AS13: 23
E14: 1100-1242 | F14: =_xlfn.XLOOKUP(Table27[[#This Row],[Emp ID]],Table1[Emp ID],Table1[Role as per SoW]) -> Automation QA | G14: =_xlfn.XLOOKUP(Table27[[#This Row],[Emp ID]],Table1[Emp ID],Table1[Name]) -> employee9 | H14: =IF(Table27[[#This Row],[Status]]="Active",SUM(COUNT(Table27[[#This Row],[1]:[31]]), COUNTIF(Table27[[#This Row],[1]:[31]],"OFF"))*_xlfn.XLOOKUP(Table27[[#This Row],[Name]],Table1[Name],Table1[Billable Hours per day]),"") | I14: =IF(Table27[[#This Row],[Status]]="Active",SUM(Table27[[#This Row],[1]:[31]]),"") | J14: 30 | K14: =IFERROR(Table27[[#This Row],[Actual Hours]]*Table27[[#This Row],[Rate]],"") | L14: 8 | M14: 8 | N14: 8 | O14: 8 | P14: 8 | Q14: WO | R14: WO | S14: 8 | T14: 8 | U14: 8 | V14: 8 | W14: 8 | X14: WO | Y14: WO | Z14: 8 | AA14: 8 | AB14: PH | AC14: 8 | AD14: 8 | AE14: WO | AF14: WO | AG14: 8 | AH14: 8 | AI14: 8 | AJ14: 8 | AK14: PH | AL14: WO | AM14: WO | AN14: 8 | AO14: 8 | AP14: 8 | AQ14: =_xlfn.IFNA(_xlfn.XLOOKUP(Table27[[#This Row],[Name]],Table1[Name],Table1[Status]),"") -> Inactive | AR14: =Table27[[#This Row],[Actual Hours]]/Table27[[#This Row],[Max Billable Hours]] -> #VALUE! | AS14: 26
E15: 1100-1243 | F15: =_xlfn.XLOOKUP(Table27[[#This Row],[Emp ID]],Table1[Emp ID],Table1[Role as per SoW]) -> UI/UX Designer | G15: =_xlfn.XLOOKUP(Table27[[#This Row],[Emp ID]],Table1[Emp ID],Table1[Name]) -> employee10 | H15: =IF(Table27[[#This Row],[Status]]="Active",SUM(COUNT(Table27[[#This Row],[1]:[31]]), COUNTIF(Table27[[#This Row],[1]:[31]],"OFF"))*_xlfn.XLOOKUP(Table27[[#This Row],[Name]],Table1[Name],Table1[Billable Hours per day]),"") -> 168 | I15: =IF(Table27[[#This Row],[Status]]="Active",SUM(Table27[[#This Row],[1]:[31]]),"") -> 168 | J15: 30 | K15: =IFERROR(Table27[[#This Row],[Actual Hours]]*Table27[[#This Row],[Rate]],"") -> 5040 | L15: 8 | M15: 8 | N15: 8 | O15: 8 | P15: 8 | Q15: WO | R15: WO | S15: 8 | T15: 8 | U15: 8 | V15: 8 | W15: 8 | X15: WO | Y15: WO | Z15: 8 | AA15: 8 | AB15: PH | AC15: 8 | AD15: 8 | AE15: WO | AF15: WO | AG15: 8 | AH15: 8 | AI15: 8 | AJ15: 8 | AK15: PH | AL15: WO | AM15: WO | AN15: 8 | AO15: 8 | AP15: 8 | AQ15: =_xlfn.IFNA(_xlfn.XLOOKUP(Table27[[#This Row],[Name]],Table1[Name],Table1[Status]),"") -> Active | AR15: =Table27[[#This Row],[Actual Hours]]/Table27[[#This Row],[Max Billable Hours]] -> 1 | AS15: 29
E16: 1100-1244 | F16: =_xlfn.XLOOKUP(Table27[[#This Row],[Emp ID]],Table1[Emp ID],Table1[Role as per SoW]) -> Manager | G16: =_xlfn.XLOOKUP(Table27[[#This Row],[Emp ID]],Table1[Emp ID],Table1[Name]) -> employee11 | H16: =IF(Table27[[#This Row],[Status]]="Active",SUM(COUNT(Table27[[#This Row],[1]:[31]]), COUNTIF(Table27[[#This Row],[1]:[31]],"OFF"))*_xlfn.XLOOKUP(Table27[[#This Row],[Name]],Table1[Name],Table1[Billable Hours per day]),"") -> 168 | I16: =IF(Table27[[#This Row],[Status]]="Active",SUM(Table27[[#This Row],[1]:[31]]),"") -> 168 | J16: 28 | K16: =IFERROR(Table27[[#This Row],[Actual Hours]]*Table27[[#This Row],[Rate]],"") -> 4704 | L16: 8 | M16: 8 | N16: 8 | O16: 8 | P16: 8 | Q16: WO | R16: WO | S16: 8 | T16: 8 | U16: 8 | V16: 8 | W16: 8 | X16: WO | Y16: WO | Z16: 8 | AA16: 8 | AB16: PH | AC16: 8 | AD16: 8 | AE16: WO | AF16: WO | AG16: 8 | AH16: 8 | AI16: 8 | AJ16: 8 | AK16: PH | AL16: WO | AM16: WO | AN16: 8 | AO16: 8 | AP16: 8 | AQ16: =_xlfn.IFNA(_xlfn.XLOOKUP(Table27[[#This Row],[Name]],Table1[Name],Table1[Status]),"") -> Active | AR16: =Table27[[#This Row],[Actual Hours]]/Table27[[#This Row],[Max Billable Hours]] -> 1 | AS16: 19
E17: 1100-1245 | F17: =_xlfn.XLOOKUP(Table27[[#This Row],[Emp ID]],Table1[Emp ID],Table1[Role as per SoW]) -> Backend Engineer | G17: =_xlfn.XLOOKUP(Table27[[#This Row],[Emp ID]],Table1[Emp ID],Table1[Name]) -> employee12 | H17: =IF(Table27[[#This Row],[Status]]="Active",SUM(COUNT(Table27[[#This Row],[1]:[31]]), COUNTIF(Table27[[#This Row],[1]:[31]],"OFF"))*_xlfn.XLOOKUP(Table27[[#This Row],[Name]],Table1[Name],Table1[Billable Hours per day]),"") -> 128 | I17: =IF(Table27[[#This Row],[Status]]="Active",SUM(Table27[[#This Row],[1]:[31]]),"") -> 128 | J17: 30 | K17: =IFERROR(Table27[[#This Row],[Actual Hours]]*Table27[[#This Row],[Rate]],"") -> 3840 | L17: 8 | N17: 8 | O17: 8 | Q17: WO | R17: WO | S17: 8 | U17: 8 | V17: 8 | X17: WO | Y17: WO | Z17: 8 | AB17: PH | AC17: 8 | AD17: 8 | AE17: WO | AF17: WO | AG17: 8 | AH17: 8 | AI17: 8 | AJ17: 8 | AK17: PH | AL17: WO | AM17: WO | AN17: 8 | AO17: 8 | AP17: 8 | AQ17: =_xlfn.IFNA(_xlfn.XLOOKUP(Table27[[#This Row],[Name]],Table1[Name],Table1[Status]),"") -> Active | AR17: =Table27[[#This Row],[Actual Hours]]/Table27[[#This Row],[Max Billable Hours]] -> 1 | AS17: 25
E18: 1100-1246 | F18: =_xlfn.XLOOKUP(Table27[[#This Row],[Emp ID]],Table1[Emp ID],Table1[Role as per SoW]) -> Frontend Developer | G18: =_xlfn.XLOOKUP(Table27[[#This Row],[Emp ID]],Table1[Emp ID],Table1[Name]) -> employee13 | H18: =IF(Table27[[#This Row],[Status]]="Active",SUM(COUNT(Table27[[#This Row],[1]:[31]]), COUNTIF(Table27[[#This Row],[1]:[31]],"OFF"))*_xlfn.XLOOKUP(Table27[[#This Row],[Name]],Table1[Name],Table1[Billable Hours per day]),"") -> 168 | I18: =IF(Table27[[#This Row],[Status]]="Active",SUM(Table27[[#This Row],[1]:[31]]),"") -> 168 | J18: 30 | K18: =IFERROR(Table27[[#This Row],[Actual Hours]]*Table27[[#This Row],[Rate]],"") -> 5040 | L18: 8 | M18: 8 | N18: 8 | O18: 8 | P18: 8 | Q18: WO | R18: WO | S18: 8 | T18: 8 | U18: 8 | V18: 8 | W18: 8 | X18: WO | Y18: WO | Z18: 8 | AA18: 8 | AB18: PH | AC18: 8 | AD18: 8 | AE18: WO | AF18: WO | AG18: 8 | AH18: 8 | AI18: 8 | AJ18: 8 | AK18: PH | AL18: WO | AM18: WO | AN18: 8 | AO18: 8 | AP18: 8 | AQ18: =_xlfn.IFNA(_xlfn.XLOOKUP(Table27[[#This Row],[Name]],Table1[Name],Table1[Status]),"") -> Active | AR18: =Table27[[#This Row],[Actual Hours]]/Table27[[#This Row],[Max Billable Hours]] -> 1 | AS18: 17
E19: 1100-1247 | F19: =_xlfn.XLOOKUP(Table27[[#This Row],[Emp ID]],Table1[Emp ID],Table1[Role as per SoW]) -> Quality Engineer | G19: =_xlfn.XLOOKUP(Table27[[#This Row],[Emp ID]],Table1[Emp ID],Table1[Name]) -> employee14 | H19: =IF(Table27[[#This Row],[Status]]="Active",SUM(COUNT(Table27[[#This Row],[1]:[31]]), COUNTIF(Table27[[#This Row],[1]:[31]],"OFF"))*_xlfn.XLOOKUP(Table27[[#This Row],[Name]],Table1[Name],Table1[Billable Hours per day]),"") -> 168 | I19: =IF(Table27[[#This Row],[Status]]="Active",SUM(Table27[[#This Row],[1]:[31]]),"") -> 168 | J19: 30 | K19: =IFERROR(Table27[[#This Row],[Actual Hours]]*Table27[[#This Row],[Rate]],"") -> 5040 | L19: 8 | M19: 8 | N19: 8 | O19: 8 | P19: 8 | Q19: WO | R19: WO | S19: 8 | T19: 8 | U19: 8 | V19: 8 | W19: 8 | X19: WO | Y19: WO | Z19: 8 | AA19: 8 | AB19: PH | AC19: 8 | AD19: 8 | AE19: WO | AF19: WO | AG19: 8 | AH19: 8 | AI19: 8 | AJ19: 8 | AK19: PH | AL19: WO | AM19: WO | AN19: 8 | AO19: 8 | AP19: 8 | AQ19: =_xlfn.IFNA(_xlfn.XLOOKUP(Table27[[#This Row],[Name]],Table1[Name],Table1[Status]),"") -> Active | AR19: =Table27[[#This Row],[Actual Hours]]/Table27[[#This Row],[Max Billable Hours]] -> 1 | AS19: 20
E20: 1100-1248 | F20: =_xlfn.XLOOKUP(Table27[[#This Row],[Emp ID]],Table1[Emp ID],Table1[Role as per SoW]) -> Quality Engineer | G20: =_xlfn.XLOOKUP(Table27[[#This Row],[Emp ID]],Table1[Emp ID],Table1[Name]) -> employee15 | H20: =IF(Table27[[#This Row],[Status]]="Active",SUM(COUNT(Table27[[#This Row],[1]:[31]]), COUNTIF(Table27[[#This Row],[1]:[31]],"OFF"))*_xlfn.XLOOKUP(Table27[[#This Row],[Name]],Table1[Name],Table1[Billable Hours per day]),"") | I20: =IF(Table27[[#This Row],[Status]]="Active",SUM(Table27[[#This Row],[1]:[31]]),"") | J20: 28 | K20: =IFERROR(Table27[[#This Row],[Actual Hours]]*Table27[[#This Row],[Rate]],"") | L20: 8 | M20: 8 | N20: 8 | O20: 8 | P20: 8 | Q20: WO | R20: WO | S20: 8 | T20: 8 | U20: 8 | V20: 8 | W20: 8 | X20: WO | Y20: WO | Z20: 8 | AA20: 8 | AB20: PH | AC20: 8 | AD20: 8 | AE20: WO | AF20: WO | AG20: 8 | AH20: 8 | AI20: 8 | AJ20: 8 | AK20: PH | AL20: WO | AM20: WO | AN20: 8 | AO20: 8 | AP20: 8 | AQ20: =_xlfn.IFNA(_xlfn.XLOOKUP(Table27[[#This Row],[Name]],Table1[Name],Table1[Status]),"") -> Inactive | AR20: =Table27[[#This Row],[Actual Hours]]/Table27[[#This Row],[Max Billable Hours]] -> #VALUE! | AS20: 20
G21: Total | H21: =SUBTOTAL(109,Table27[Max Billable Hours]) -> 1616 | I21: =SUBTOTAL(109,Table27[Actual Hours]) -> 1600 | K21: =SUBTOTAL(109,Table27[Final Billing Amount]) -> 48240 | L21: =SUBTOTAL(109,Table27[1]) -> 120 | M21: =SUBTOTAL(109,Table27[2]) -> 90 | N21: =SUBTOTAL(109,Table27[3]) -> 120 | O21: =SUBTOTAL(109,Table27[4]) -> 120 | P21: =SUBTOTAL(109,Table27[5]) -> 98 | Q21: =SUBTOTAL(109,Table27[6]) -> 0 | R21: =SUBTOTAL(109,Table27[7]) -> 0 | S21: =SUBTOTAL(109,Table27[8]) -> 120 | T21: =SUBTOTAL(109,Table27[9]) -> 90 | U21: =SUBTOTAL(109,Table27[10]) -> 120 | V21: =SUBTOTAL(109,Table27[11]) -> 120 | W21: =SUBTOTAL(109,Table27[12]) -> 106 | X21: =SUBTOTAL(109,Table27[13]) -> 0 | Y21: =SUBTOTAL(109,Table27[14]) -> 0 | Z21: =SUBTOTAL(109,Table27[15]) -> 120 | AA21: =SUBTOTAL(109,Table27[16]) -> 98 | AB21: =SUBTOTAL(109,Table27[17]) -> 0 | AC21: =SUBTOTAL(109,Table27[18]) -> 120 | AD21: =SUBTOTAL(109,Table27[19]) -> 106 | AE21: =SUBTOTAL(109,Table27[20]) -> 0 | AF21: =SUBTOTAL(109,Table27[21]) -> 0 | AG21: =SUBTOTAL(109,Table27[22]) -> 120 | AH21: =SUBTOTAL(109,Table27[23]) -> 106 | AI21: =SUBTOTAL(109,Table27[24]) -> 120 | AJ21: =SUBTOTAL(109,Table27[25]) -> 120 | AK21: =SUBTOTAL(109,Table27[26]) -> 0 | AL21: =SUBTOTAL(109,Table27[27]) -> 0 | AM21: =SUBTOTAL(109,Table27[28]) -> 0 | AN21: =SUBTOTAL(109,Table27[29]) -> 120 | AO21: =SUBTOTAL(109,Table27[30]) -> 120 | AP21: =SUBTOTAL(109,Table27[30]) -> 120 | AR21: =Table27[[#Totals],[Actual Hours]]/Table27[[#Totals],[Max Billable Hours]] -> 0.99009901
B23: Actual Hours
B24: =SUM(Table27[Actual Hours]) -> 1600
B27: Utilisation
B28: =SUM(Table27[Actual Hours])/SUM(Table27[Max Billable Hours]) -> 0.99009901

Sheet Team
B1: Emp ID | C1: Name | D1: Role as per SoW | E1: Onboard date | F1: Status | G1: LWD | H1: Billable Hours per day
B2: 1100-1234 | C2: employee1 | D2: Business Analyst | E2: 45621 | F2: Active | H2: 8
B3: 1100-1235 | C3: employee2 | D3: Business Analyst | E3: 45525 | F3: Inactive | H3: 8
B4: 1100-1236 | C4: employee3 | D4: Technical Lead | E4: 45525 | F4: Active | H4: 8
B5: 1100-1237 | C5: employee4 | D5: Solution Architect | E5: 45525 | F5: Inactive | H5: 2
B6: 1100-1238 | C6: employee5 | D6: Pre Sales Consultant | E6: 45525 | F6: Inactive | H6: 8
B7: 1100-1239 | C7: employee6 | D7: Backend Developer | E7: 45525 | F7: Active | H7: 8
B8: 1100-1240 | C8: employee7 | D8: Frontend Developer | E8: 45525 | F8: Active | H8: 8
B9: 1100-1241 | C9: employee8 | D9: Quality Engineer | E9: 45525 | F9: Active | H9: 8
B10: 1100-1242 | C10: employee9 | D10: Automation QA | E10: 45525 | F10: Inactive | H10: 8
B11: 1100-1243 | C11: employee10 | D11: UI/UX Designer | E11: 45525 | F11: Active | H11: 8
B12: 1100-1244 | C12: employee11 | D12: Manager | E12: 45525 | F12: Active | H12: 8
B13: 1100-1245 | C13: employee12 | D13: Backend Engineer | E13: 45572 | F13: Active | H13: 8
... B23: 1100-1255 | C23: employee22 | D23: Backend Developer | E23: 45643 | F23: Active | H23: 8

Sheet Data
B1: Months | C1: # | E1: Year
B2: January | C2: 1 | E2: 2021
B3: February | C3: 2 | E3: 2022
B4: March | C4: 3 | E4: 2023
B5: April | C5: 4 | E5: 2024
B6: May | C6: 5
B7: June | C7: 6
B8: July | C8: 7
B9: August | C9: 8
B10: September | C10: 9
B11: October | C11: 10
B12: November | C12: 11
B13: December | C13: 12
