Workbook
Name Month: Table3[Months]
Name Month: Table3[Months]
Name Team: Table1[Name]
Name Team: Table1[Name]
Name Year: Table4[Year]
Name Year: Table4[Year]

Sheet Instructions
D2: INSTRUCTIONS
D4: Please use these codes appropriately in the timesheet
D5: WO | E5: Week off for Saturday and Sundays
D6: OFF | E6: When the team member has taken an off
D7: H | E7: Public or National Holiday

Sheet December '24
B1: MONTH | C1: YEAR | E1: PROJECT
B2: May | C2: 2024 | E2: ProjectY
L4: =UPPER(TEXT(DATE($C$2,_xlfn.XLOOKUP($B$2,Data!$B$2:$B$13,Data!$C$2:$C$13),Table27[[#Headers],[1]]),"DDD")) -> WED | M4: =UPPER(TEXT(DATE($C$2,_xlfn.XLOOKUP($B$2,Data!$B$2:$B$13,Data!$C$2:$C$13),Table27[[#Headers],[2]]),"DDD")) -> THU | N4: =UPPER(TEXT(DATE($C$2,_xlfn.XLOOKUP($B$2,Data!$B$2:$B$13,Data!$C$2:$C$13),Table27[[#Headers],[3]]),"DDD")) -> FRI | O4: =UPPER(TEXT(DATE($C$2,_xlfn.XLOOKUP($B$2,Data!$B$2:$B$13,Data!$C$2:$C$13),Table27[[#Headers],[4]]),"DDD")) -> SAT | P4: =UPPER(TEXT(DATE($C$2,_xlfn.XLOOKUP($B$2,Data!$B$2:$B$13,Data!$C$2:$C$13),Table27[[#Headers],[5]]),"DDD")) -> SUN | Q4: =UPPER(TEXT(DATE($C$2,_xlfn.XLOOKUP($B$2,Data!$B$2:$B$13,Data!$C$2:$C$13),Table27[[#Headers],[6]]),"DDD")) -> MON | R4: =UPPER(TEXT(DATE($C$2,_xlfn.XLOOKUP($B$2,Data!$B$2:$B$13,Data!$C$2:$C$13),Table27[[#Headers],[7]]),"DDD")) -> TUE | S4: =UPPER(TEXT(DATE($C$2,_xlfn.XLOOKUP($B$2,Data!$B$2:$B$13,Data!$C$2:$C$13),Table27[[#Headers],[8]]),"DDD")) -> WED | T4: =UPPER(TEXT(DATE($C$2,_xlfn.XLOOKUP($B$2,Data!$B$2:$B$13,Data!$C$2:$C$13),Table27[[#Headers],[9]]),"DDD")) -> THU | U4: =UPPER(TEXT(DATE($C$2,_xlfn.XLOOKUP($B$2,Data!$B$2:$B$13,Data!$C$2:$C$13),Table27[[#Headers],[10]]),"DDD")) -> FRI | V4: =UPPER(TEXT(DATE($C$2,_xlfn.XLOOKUP($B$2,Data!$B$2:$B$13,Data!$C$2:$C$13),Table27[[#Headers],[11]]),"DDD")) -> SAT | W4: =UPPER(TEXT(DATE($C$2,_xlfn.XLOOKUP($B$2,Data!$B$2:$B$13,Data!$C$2:$C$13),Table27[[#Headers],[12]]),"DDD")) -> SUN | X4: =UPPER(TEXT(DATE($C$2,_xlfn.XLOOKUP($B$2,Data!$B$2:$B$13,Data!$C$2:$C$13),Table27[[#Headers],[13]]),"DDD")) -> MON | Y4: =UPPER(TEXT(DATE($C$2,_xlfn.XLOOKUP($B$2,Data!$B$2:$B$13,Data!$C$2:$C$13),Table27[[#Headers],[14]]),"DDD")) -> TUE | Z4: =UPPER(TEXT(DATE($C$2,_xlfn.XLOOKUP($B$2,Data!$B$2:$B$13,Data!$C$2:$C$13),Table27[[#Headers],[15]]),"DDD")) -> WED | AA4: =UPPER(TEXT(DATE($C$2,_xlfn.XLOOKUP($B$2,Data!$B$2:$B$13,Data!$C$2:$C$13),Table27[[#Headers],[16]]),"DDD")) -> THU | AB4: =UPPER(TEXT(DATE($C$2,_xlfn.XLOOKUP($B$2,Data!$B$2:$B$13,Data!$C$2:$C$13),Table27[[#Headers],[17]]),"DDD")) -> FRI | AC4: =UPPER(TEXT(DATE($C$2,_xlfn.XLOOKUP($B$2,Data!$B$2:$B$13,Data!$C$2:$C$13),Table27[[#Headers],[18]]),"DDD")) -> SAT | AD4: =UPPER(TEXT(DATE($C$2,_xlfn.XLOOKUP($B$2,Data!$B$2:$B$13,Data!$C$2:$C$13),Table27[[#Headers],[19]]),"DDD")) -> SUN | AE4: =UPPER(TEXT(DATE($C$2,_xlfn.XLOOKUP($B$2,Data!$B$2:$B$13,Data!$C$2:$C$13),Table27[[#Headers],[20]]),"DDD")) -> MON | AF4: =UPPER(TEXT(DATE($C$2,_xlfn.XLOOKUP($B$2,Data!$B$2:$B$13,Data!$C$2:$C$13),Table27[[#Headers],[21]]),"DDD")) -> TUE | AG4: =UPPER(TEXT(DATE($C$2,_xlfn.XLOOKUP($B$2,Data!$B$2:$B$13,Data!$C$2:$C$13),Table27[[#Headers],[22]]),"DDD")) -> WED | AH4: =UPPER(TEXT(DATE($C$2,_xlfn.XLOOKUP($B$2,Data!$B$2:$B$13,Data!$C$2:$C$13),Table27[[#Headers],[23]]),"DDD")) -> THU | AI4: =UPPER(TEXT(DATE($C$2,_xlfn.XLOOKUP($B$2,Data!$B$2:$B$13,Data!$C$2:$C$13),Table27[[#Headers],[24]]),"DDD")) -> FRI | AJ4: =UPPER(TEXT(DATE($C$2,_xlfn.XLOOKUP($B$2,Data!$B$2:$B$13,Data!$C$2:$C$13),Table27[[#Headers],[25]]),"DDD")) -> SAT | AK4: =UPPER(TEXT(DATE($C$2,_xlfn.XLOOKUP($B$2,Data!$B$2:$B$13,Data!$C$2:$C$13),Table27[[#Headers],[26]]),"DDD")) -> SUN | AL4: =UPPER(TEXT(DATE($C$2,_xlfn.XLOOKUP($B$2,Data!$B$2:$B$13,Data!$C$2:$C$13),Table27[[#Headers],[27]]),"DDD")) -> MON | AM4: =UPPER(TEXT(DATE($C$2,_xlfn.XLOOKUP($B$2,Data!$B$2:$B$13,Data!$C$2:$C$13),Table27[[#Headers],[28]]),"DDD")) -> TUE | AN4: =UPPER(TEXT(DATE($C$2,_xlfn.XLOOKUP($B$2,Data!$B$2:$B$13,Data!$C$2:$C$13),Table27[[#Headers],[29]]),"DDD")) -> WED | AO4: =UPPER(TEXT(DATE($C$2,_xlfn.XLOOKUP($B$2,Data!$B$2:$B$13,Data!$C$2:$C$13),Table27[[#Headers],[30]]),"DDD")) -> THU | AP4: =UPPER(TEXT(DATE($C$2,_xlfn.XLOOKUP($B$2,Data!$B$2:$B$13,Data!$C$2:$C$13),Table27[[#Headers],[24]]),"DDD")) -> FRI
B5: Total Bill | E5: Emp ID | F5: Role as per SoW | G5: Name | H5: Max Billable Hours | I5: Actual Hours | J5: Rate | K5: Final Billing Amount | L5: 1 | M5: 2 | N5: 3 | O5: 4 | P5: 5 | Q5: 6 | R5: 7 | S5: 8 | T5: 9 | U5: 10 | V5: 11 | W5: 12 | X5: 13 | Y5: 14 | Z5: 15 | AA5: 16 | AB5: 17 | AC5: 18 | AD5: 19 | AE5: 20 | AF5: 21 | AG5: 22 | AH5: 23 | AI5: 24 | AJ5: 25 | AK5: 26 | AL5: 27 | AM5: 28 | AN5: 29 | AO5: 30 | AP5: 31 | AQ5: Status | AR5: Billing %
B6: =SUM(Table27[Final Billing Amount]) -> 51232 | E6: 1100-1234 | F6: =_xlfn.XLOOKUP(Table27[[#This Row],[Emp ID]],Table1[Emp ID],Table1[Role as per SoW]) -> Business Analyst | G6: =_xlfn.XLOOKUP(Table27[[#This Row],[Emp ID]],Table1[Emp ID],Table1[Name]) -> employee1 | H6: =IF(Table27[[#This Row],[Status]]="Active",SUM(COUNT(Table27[[#This Row],[1]:[31]]), COUNTIF(Table27[[#This Row],[1]:[31]],"OFF"))*_xlfn.XLOOKUP(Table27[[#This Row],[Name]],Table1[Name],Table1[Billable Hours per day]),"") -> 192 | I6: =IF(Table27[[#This Row],[Status]]="Active",SUM(Table27[[#This Row],[1]:[31]]),"") -> 192 | J6: 30 | K6: =IFERROR(Table27[[#This Row],[Actual Hours]]*Table27[[#This Row],[Rate]],"") -> 5760 | L6: 8 | M6: 8 | N6: 8 | O6: 8 | P6: 8 | Q6: WO | R6: WO | S6: 8 | T6: 8 | U6: 8 | V6: 8 | W6: 8 | X6: WO | Y6: WO | Z6: 8 | AA6: 8 | AB6: 8 | AC6: 8 | AD6: 8 | AE6: 8 | AF6: 8 | AG6: 8 | AH6: 8 | AI6: 8 | AJ6: WO | AK6: WO | AL6: PH | AM6: 8 | AN6: 8 | AO6: 8 | AP6: 8 | AQ6: =_xlfn.IFNA(_xlfn.XLOOKUP(Table27[[#This Row],[Name]],Table1[Name],Table1[Status]),"") -> Active | AR6: =Table27[[#This Row],[Actual Hours]]/Table27[[#This Row],[Max Billable Hours]] -> 1
B7: Max Billable | E7: 1100-1235 | F7: =_xlfn.XLOOKUP(Table27[[#This Row],[Emp ID]],Table1[Emp ID],Table1[Role as per SoW]) -> Business Analyst | G7: =_xlfn.XLOOKUP(Table27[[#This Row],[Emp ID]],Table1[Emp ID],Table1[Name]) -> employee2 | H7: =IF(Table27[[#This Row],[Status]]="Active",SUM(COUNT(Table27[[#This Row],[1]:[31]]), COUNTIF(Table27[[#This Row],[1]:[31]],"OFF"))*_xlfn.XLOOKUP(Table27[[#This Row],[Name]],Table1[Name],Table1[Billable Hours per day]),"") | I7: =IF(Table27[[#This Row],[Status]]="Active",SUM(Table27[[#This Row],[1]:[31]]),"") | J7: 30 | K7: =IFERROR(Table27[[#This Row],[Actual Hours]]*Table27[[#This Row],[Rate]],"") | L7: 8 | M7: 8 | N7: 8 | O7: WO | P7: WO | Q7: 8 | R7: 8 | S7: 8 | T7: 8 | U7: 8 | V7: WO | W7: WO | X7: 8 | Y7: 8 | Z7: 8 | AA7: 8 | AB7: 8 | AC7: WO | AD7: WO | AE7: 8 | AF7: 8 | AG7: 8 | AH7: 8 | AI7: 8 | AJ7: WO | AK7: WO | AL7: PH | AM7: 8 | AN7: 8 | AO7: 8 | AP7: 8 | AQ7: =_xlfn.IFNA(_xlfn.XLOOKUP(Table27[[#This Row],[Name]],Table1[Name],Table1[Status]),"") -> Inactive | AR7: =Table27[[#This Row],[Actual Hours]]/Table27[[#This Row],[Max Billable Hours]] -> #VALUE!
E8: 1100-1236 | F8: =_xlfn.XLOOKUP(Table27[[#This Row],[Emp ID]],Table1[Emp ID],Table1[Role as per SoW]) -> Technical Lead | G8: =_xlfn.XLOOKUP(Table27[[#This Row],[Emp ID]],Table1[Emp ID],Table1[Name]) -> employee3 | H8: =IF(Table27[[#This Row],[Status]]="Active",SUM(COUNT(Table27[[#This Row],[1]:[31]]), COUNTIF(Table27[[#This Row],[1]:[31]],"OFF"))*_xlfn.XLOOKUP(Table27[[#This Row],[Name]],Table1[Name],Table1[Billable Hours per day]),"") -> 176 | I8: =IF(Table27[[#This Row],[Status]]="Active",SUM(Table27[[#This Row],[1]:[31]]),"") -> 176 | J8: 34 | K8: =IFERROR(Table27[[#This Row],[Actual Hours]]*Table27[[#This Row],[Rate]],"") -> 5984 | L8: 8 | M8: 8 | N8: 8 | O8: WO | P8: WO | Q8: 8 | R8: 8 | S8: 8 | T8: 8 | U8: 8 | V8: WO | W8: WO | X8: 8 | Y8: 8 | Z8: 8 | AA8: 8 | AB8: 8 | AC8: WO | AD8: WO | AE8: 8 | AF8: 8 | AG8: 8 | AH8: 8 | AI8: 8 | AJ8: WO | AK8: WO | AL8: PH | AM8: 8 | AN8: 8 | AO8: 8 | AP8: 8 | AQ8: =_xlfn.IFNA(_xlfn.XLOOKUP(Table27[[#This Row],[Name]],Table1[Name],Table1[Status]),"") -> Active | AR8: =Table27[[#This Row],[Actual Hours]]/Table27[[#This Row],[Max Billable Hours]] -> 1
B9: =SUM(Table27[Max Billable Hours]) -> 1776 | E9: 1100-1237 | F9: =_xlfn.XLOOKUP(Table27[[#This Row],[Emp ID]],Table1[Emp ID],Table1[Role as per SoW]) -> Solution Architect | G9: =_xlfn.XLOOKUP(Table27[[#This Row],[Emp ID]],Table1[Emp ID],Table1[Name]) -> employee4 | H9: =IF(Table27[[#This Row],[Status]]="Active",SUM(COUNT(Table27[[#This Row],[1]:[31]]), COUNTIF(Table27[[#This Row],[1]:[31]],"OFF"))*_xlfn.XLOOKUP(Table27[[#This Row],[Name]],Table1[Name],Table1[Billable Hours per day]),"") | I9: =IF(Table27[[#This Row],[Status]]="Active",SUM(Table27[[#This Row],[1]:[31]]),"") | J9: 35 | K9: =IFERROR(Table27[[#This Row],[Actual Hours]]*Table27[[#This Row],[Rate]],"") | L9: 8 | M9: 8 | N9: 8 | O9: WO | P9: WO | Q9: 8 | R9: 8 | S9: 8 | T9: 8 | U9: 8 | V9: WO | W9: WO | X9: 8 | Y9: 8 | Z9: 8 | AA9: 8 | AB9: OFF | AC9: WO | AD9: WO | AE9: 8 | AF9: 8 | AG9: 8 | AH9: 8 | AI9: 8 | AJ9: WO | AK9: WO | AL9: PH | AM9: 8 | AN9: 8 | AO9: 8 | AP9: 8 | AQ9: =_xlfn.IFNA(_xlfn.XLOOKUP(Table27[[#This Row],[Name]],Table1[Name],Table1[Status]),"") -> Inactive | AR9: =Table27[[#This Row],[Actual Hours]]/Table27[[#This Row],[Max Billable Hours]] -> #VALUE!
E10: 1100-1238 | F10: =_xlfn.XLOOKUP(Table27[[#This Row],[Emp ID]],Table1[Emp ID],Table1[Role as per SoW]) -> Pre Sales Consultant | G10: =_xlfn.XLOOKUP(Table27[[#This Row],[Emp ID]],Table1[Emp ID],Table1[Name]) -> employee5 | H10: =IF(Table27[[#This Row],[Status]]="Active",SUM(COUNT(Table27[[#This Row],[1]:[31]]), COUNTIF(Table27[[#This Row],[1]:[31]],"OFF"))*_xlfn.XLOOKUP(Table27[[#This Row],[Name]],Table1[Name],Table1[Billable Hours per day]),"") | I10: =IF(Table27[[#This Row],[Status]]="Active",SUM(Table27[[#This Row],[1]:[31]]),"") | J10: 30 | K10: =IFERROR(Table27[[#This Row],[Actual Hours]]*Table27[[#This Row],[Rate]],"") | L10: 8 | M10: 8 | N10: 8 | O10: WO | P10: WO | Q10: 8 | R10: 8 | S10: 8 | T10: OFF | U10: 8 | V10: WO | W10: WO | X10: OFF | Y10: OFF | Z10: 8 | AA10: 8 | AB10: OFF | AC10: WO | AD10: WO | AE10: 8 | AF10: 8 | AG10: 8 | AH10: 8 | AI10: 8 | AJ10: WO | AK10: WO | AL10: PH | AM10: 8 | AN10: 8 | AO10: 8 | AP10: 8 | AQ10: =_xlfn.IFNA(_xlfn.XLOOKUP(Table27[[#This Row],[Name]],Table1[Name],Table1[Status]),"") -> Inactive | AR10: =Table27[[#This Row],[Actual Hours]]/Table27[[#This Row],[Max Billable Hours]] -> #VALUE!
E11: 1100-1239 | F11: =_xlfn.XLOOKUP(Table27[[#This Row],[Emp ID]],Table1[Emp ID],Table1[Role as per SoW]) -> Backend Developer | G11: =_xlfn.XLOOKUP(Table27[[#This Row],[Emp ID]],Table1[Emp ID],Table1[Name]) -> employee6 | H11: =IF(Table27[[#This Row],[Status]]="Active",SUM(COUNT(Table27[[#This Row],[1]:[31]]), COUNTIF(Table27[[#This Row],[1]:[31]],"OFF"))*_xlfn.XLOOKUP(Table27[[#This Row],[Name]],Table1[Name],Table1[Billable Hours per day]),"") -> 176 | I11: =IF(Table27[[#This Row],[Status]]="Active",SUM(Table27[[#This Row],[1]:[31]]),"") -> 160 | J11: 30 | K11: =IFERROR(Table27[[#This Row],[Actual Hours]]*Table27[[#This Row],[Rate]],"") -> 4800 | L11: 8 | M11: 8 | N11: 8 | O11: WO | P11: WO | Q11: 8 | R11: 8 | S11: 8 | T11: 8 | U11: 8 | V11: WO | W11: WO | X11: 8 | Y11: 8 | Z11: 8 | AA11: 8 | AB11: 8 | AC11: WO | AD11: WO | AE11: 8 | AF11: 8 | AG11: 8 | AH11: 8 | AI11: OFF | AJ11: WO | AK11: WO | AL11: PH | AM11: 8 | AN11: 8 | AO11: 8 | AP11: OFF | AQ11: =_xlfn.IFNA(_xlfn.XLOOKUP(Table27[[#This Row],[Name]],Table1[Name],Table1[Status]),"") -> Active | AR11: =Table27[[#This Row],[Actual Hours]]/Table27[[#This Row],[Max Billable Hours]] -> 0.90909091
E12: 1100-1240 | F12: =_xlfn.XLOOKUP(Table27[[#This Row],[Emp ID]],Table1[Emp ID],Table1[Role as per SoW]) -> Frontend Developer | G12: =_xlfn.XLOOKUP(Table27[[#This Row],[Emp ID]],Table1[Emp ID],Table1[Name]) -> employee7 | H12: =IF(Table27[[#This Row],[Status]]="Active",SUM(COUNT(Table27[[#This Row],[1]:[31]]), COUNTIF(Table27[[#This Row],[1]:[31]],"OFF"))*_xlfn.XLOOKUP(Table27[[#This Row],[Name]],Table1[Name],Table1[Billable Hours per day]),"") -> 176 | I12: =IF(Table27[[#This Row],[Status]]="Active",SUM(Table27[[#This Row],[1]:[31]]),"") -> 168 | J12: 28 | K12: =IFERROR(Table27[[#This Row],[Actual Hours]]*Table27[[#This Row],[Rate]],"") -> 4704 | L12: 8 | M12: 8 | N12: 8 | O12: WO | P12: WO | Q12: OFF | R12: 8 | S12: 8 | T12: 8 | U12: 8 | V12: WO | W12: WO | X12: 8 | Y12: 8 | Z12: 8 | AA12: 8 | AB12: 8 | AC12: WO | AD12: WO | AE12: 8 | AF12: 8 | AG12: 8 | AH12: 8 | AI12: 8 | AJ12: WO | AK12: WO | AL12: PH | AM12: 8 | AN12: 8 | AO12: 8 | AP12: 8 | AQ12: =_xlfn.IFNA(_xlfn.XLOOKUP(Table27[[#This Row],[Name]],Table1[Name],Table1[Status]),"") -> Active | AR12: =Table27[[#This Row],[Actual Hours]]/Table27[[#This Row],[Max Billable Hours]] -> 0.95454545
E13: 1100-1241 | F13: =_xlfn.XLOOKUP(Table27[[#This Row],[Emp ID]],Table1[Emp ID],Table1[Role as per SoW]) -> Quality Engineer | G13: =_xlfn.XLOOKUP(Table27[[#This Row],[Emp ID]],Table1[Emp ID],Table1[Name]) -> employee8 | H13: =IF(Table27[[#This Row],[Status]]="Active",SUM(COUNT(Table27[[#This Row],[1]:[31]]), COUNTIF(Table27[[#This Row],[1]:[31]],"OFF"))*_xlfn.XLOOKUP(Table27[[#This Row],[Name]],Table1[Name],Table1[Billable Hours per day]),"") -> 176 | I13: =IF(Table27[[#This Row],[Status]]="Active",SUM(Table27[[#This Row],[1]:[31]]),"") -> 160 | J13: 32 | K13: =IFERROR(Table27[[#This Row],[Actual Hours]]*Table27[[#This Row],[Rate]],"") -> 5120 | L13: 8 | M13: 8 | N13: 8 | O13: WO | P13: WO | Q13: 8 | R13: 8 | S13: 8 | T13: 8 | U13: 8 | V13: WO | W13: WO | X13: 8 | Y13: 8 | Z13: OFF | AA13: 8 | AB13: 8 | AC13: WO | AD13: WO | AE13: 8 | AF13: OFF | AG13: 8 | AH13: 8 | AI13: 8 | AJ13: WO | AK13: WO | AL13: PH | AM13: 8 | AN13: 8 | AO13: 8 | AP13: 8 | AQ13: =_xlfn.IFNA(_xlfn.XLOOKUP(Table27[[#This Row],[Name]],Table1[Name],Table1[Status]),"") -> Active | AR13: =Table27[[#This Row],[Actual Hours]]/Table27[[#This Row],[Max Billable Hours]] -> 0.90909091
E14: 1100-1242 | F14: =_xlfn.XLOOKUP(Table27[[#This Row],[Emp ID]],Table1[Emp ID],Table1[Role as per SoW]) -> Automation QA | G14: =_xlfn.XLOOKUP(Table27[[#This Row],[Emp ID]],Table1[Emp ID],Table1[Name]) -> employee9 | H14: =IF(Table27[[#This Row],[Status]]="Active",SUM(COUNT(Table27[[#This Row],[1]:[31]]), COUNTIF(Table27[[#This Row],[1]:[31]],"OFF"))*_xlfn.XLOOKUP(Table27[[#This Row],[Name]],Table1[Name],Table1[Billable Hours per day]),"") | I14: =IF(Table27[[#This Row],[Status]]="Active",SUM(Table27[[#This Row],[1]:[31]]),"") | J14: 30 | K14: =IFERROR(Table27[[#This Row],[Actual Hours]]*Table27[[#This Row],[Rate]],"") | L14: 8 | M14: 8 | N14: 8 | O14: WO | P14: WO | Q14: 8 | R14: 8 | S14: 8 | T14: 8 | U14: 8 | V14: WO | W14: WO | X14: 8 | Y14: 8 | Z14: 8 | AA14: 8 | AB14: 8 | AC14: WO | AD14: WO | AE14: 8 | AF14: 8 | AG14: 8 | AH14: 8 | AI14: 8 | AJ14: WO | AK14: WO | AL14: PH | AM14: 8 | AN14: 8 | AO14: 8 | AP14: 8 | AQ14: =_xlfn.IFNA(_xlfn.XLOOKUP(Table27[[#This Row],[Name]],Table1[Name],Table1[Status]),"") -> Inactive | AR14: =Table27[[#This Row],[Actual Hours]]/Table27[[#This Row],[Max Billable Hours]] -> #VALUE!
E15: 1100-1243 | F15: =_xlfn.XLOOKUP(Table27[[#This Row],[Emp ID]],Table1[Emp ID],Table1[Role as per SoW]) -> UI/UX Designer | G15: =_xlfn.XLOOKUP(Table27[[#This Row],[Emp ID]],Table1[Emp ID],Table1[Name]) -> employee10 | H15: =IF(Table27[[#This Row],[Status]]="Active",SUM(COUNT(Table27[[#This Row],[1]:[31]]), COUNTIF(Table27[[#This Row],[1]:[31]],"OFF"))*_xlfn.XLOOKUP(Table27[[#This Row],[Name]],Table1[Name],Table1[Billable Hours per day]),"") -> 176 | I15: =IF(Table27[[#This Row],[Status]]="Active",SUM(Table27[[#This Row],[1]:[31]]),"") -> 168 | J15: 30 | K15: =IFERROR(Table27[[#This Row],[Actual Hours]]*Table27[[#This Row],[Rate]],"") -> 5040 | L15: 8 | M15: 8 | N15: 8 | O15: WO | P15: WO | Q15: 8 | R15: 8 | S15: 8 | T15: 8 | U15: 8 | V15: WO | W15: WO | X15: 8 | Y15: 8 | Z15: 8 | AA15: OFF | AB15: 8 | AC15: WO | AD15: WO | AE15: 8 | AF15: 8 | AG15: 8 | AH15: 8 | AI15: 8 | AJ15: WO | AK15: WO | AL15: PH | AM15: 8 | AN15: 8 | AO15: 8 | AP15: 8 | AQ15: =_xlfn.IFNA(_xlfn.XLOOKUP(Table27[[#This Row],[Name]],Table1[Name],Table1[Status]),"") -> Active | AR15: =Table27[[#This Row],[Actual Hours]]/Table27[[#This Row],[Max Billable Hours]] -> 0.95454545
E16: 1100-1244 | F16: =_xlfn.XLOOKUP(Table27[[#This Row],[Emp ID]],Table1[Emp ID],Table1[Role as per SoW]) -> Manager | G16: =_xlfn.XLOOKUP(Table27[[#This Row],[Emp ID]],Table1[Emp ID],Table1[Name]) -> employee11 | H16: =IF(Table27[[#This Row],[Status]]="Active",SUM(COUNT(Table27[[#This Row],[1]:[31]]), COUNTIF(Table27[[#This Row],[1]:[31]],"OFF"))*_xlfn.XLOOKUP(Table27[[#This Row],[Name]],Table1[Name],Table1[Billable Hours per day]),"") -> 176 | I16: =IF(Table27[[#This Row],[Status]]="Active",SUM(Table27[[#This Row],[1]:[31]]),"") -> 168 | J16: 28 | K16: =IFERROR(Table27[[#This Row],[Actual Hours]]*Table27[[#This Row],[Rate]],"") -> 4704 | L16: 8 | M16: 8 | N16: 8 | O16: WO | P16: WO | Q16: 8 | R16: 8 | S16: OFF | T16: 8 | U16: 8 | V16: WO | W16: WO | X16: 8 | Y16: 8 | Z16: 8 | AA16: 8 | AB16: 8 | AC16: WO | AD16: WO | AE16: 8 | AF16: 8 | AG16: 8 | AH16: 8 | AI16: 8 | AJ16: WO | AK16: WO | AL16: PH | AM16: 8 | AN16: 8 | AO16: 8 | AP16: 8 | AQ16: =_xlfn.IFNA(_xlfn.XLOOKUP(Table27[[#This Row],[Name]],Table1[Name],Table1[Status]),"") -> Active | AR16: =Table27[[#This Row],[Actual Hours]]/Table27[[#This Row],[Max Billable Hours]] -> 0.95454545
E17: 1100-1245 | F17: =_xlfn.XLOOKUP(Table27[[#This Row],[Emp ID]],Table1[Emp ID],Table1[Role as per SoW]) -> Backend Engineer | G17: =_xlfn.XLOOKUP(Table27[[#This Row],[Emp ID]],Table1[Emp ID],Table1[Name]) -> employee12 | H17: =IF(Table27[[#This Row],[Status]]="Active",SUM(COUNT(Table27[[#This Row],[1]:[31]]), COUNTIF(Table27[[#This Row],[1]:[31]],"OFF"))*_xlfn.XLOOKUP(Table27[[#This Row],[Name]],Table1[Name],Table1[Billable Hours per day]),"") -> 176 | I17: =IF(Table27[[#This Row],[Status]]="Active",SUM(Table27[[#This Row],[1]:[31]]),"") -> 176 | J17: 30 | K17: =IFERROR(Table27[[#This Row],[Actual Hours]]*Table27[[#This Row],[Rate]],"") -> 5280 | L17: 8 | M17: 8 | N17: 8 | O17: WO | P17: WO | Q17: 8 | R17: 8 | S17: 8 | T17: 8 | U17: 8 | V17: WO | W17: WO | X17: 8 | Y17: 8 | Z17: 8 | AA17: 8 | AB17: 8 | AC17: WO | AD17: WO | AE17: 8 | AF17: 8 | AG17: 8 | AH17: 8 | AI17: 8 | AJ17: WO | AK17: WO | AL17: PH | AM17: 8 | AN17: 8 | AO17: 8 | AP17: 8 | AQ17: =_xlfn.IFNA(_xlfn.XLOOKUP(Table27[[#This Row],[Name]],Table1[Name],Table1[Status]),"") -> Active | AR17: =Table27[[#This Row],[Actual Hours]]/Table27[[#This Row],[Max Billable Hours]] -> 1
E18: 1100-1246 | F18: =_xlfn.XLOOKUP(Table27[[#This Row],[Emp ID]],Table1[Emp ID],Table1[Role as per SoW]) -> Frontend Developer | G18: =_xlfn.XLOOKUP(Table27[[#This Row],[Emp ID]],Table1[Emp ID],Table1[Name]) -> employee13 | H18: =IF(Table27[[#This Row],[Status]]="Active",SUM(COUNT(Table27[[#This Row],[1]:[31]]), COUNTIF(Table27[[#This Row],[1]:[31]],"OFF"))*_xlfn.XLOOKUP(Table27[[#This Row],[Name]],Table1[Name],Table1[Billable Hours per day]),"") -> 176 | I18: =IF(Table27[[#This Row],[Status]]="Active",SUM(Table27[[#This Row],[1]:[31]]),"") -> 168 | J18: 30 | K18: =IFERROR(Table27[[#This Row],[Actual Hours]]*Table27[[#This Row],[Rate]],"") -> 5040 | L18: 8 | M18: 8 | N18: 8 | O18: WO | P18: WO | Q18: 8 | R18: 8 | S18: 8 | T18: 8 | U18: 8 | V18: WO | W18: WO | X18: 8 | Y18: 8 | Z18: 8 | AA18: 8 | AB18: 8 | AC18: WO | AD18: WO | AE18: 8 | AF18: 8 | AG18: 8 | AH18: 8 | AI18: OFF | AJ18: WO | AK18: WO | AL18: PH | AM18: 8 | AN18: 8 | AO18: 8 | AP18: 8 | AQ18: =_xlfn.IFNA(_xlfn.XLOOKUP(Table27[[#This Row],[Name]],Table1[Name],Table1[Status]),"") -> Active | AR18: =Table27[[#This Row],[Actual Hours]]/Table27[[#This Row],[Max Billable Hours]] -> 0.95454545
E19: 1100-1247 | F19: =_xlfn.XLOOKUP(Table27[[#This Row],[Emp ID]],Table1[Emp ID],Table1[Role as per SoW]) -> Quality Engineer | G19: =_xlfn.XLOOKUP(Table27[[#This Row],[Emp ID]],Table1[Emp ID],Table1[Name]) -> employee14 | H19: =IF(Table27[[#This Row],[Status]]="Active",SUM(COUNT(Table27[[#This Row],[1]:[31]]), COUNTIF(Table27[[#This Row],[1]:[31]],"OFF"))*_xlfn.XLOOKUP(Table27[[#This Row],[Name]],Table1[Name],Table1[Billable Hours per day]),"") -> 176 | I19: =IF(Table27[[#This Row],[Status]]="Active",SUM(Table27[[#This Row],[1]:[31]]),"") -> 160 | J19: 30 | K19: =IFERROR(Table27[[#This Row],[Actual Hours]]*Table27[[#This Row],[Rate]],"") -> 4800 | L19: 8 | M19: 8 | N19: 8 | O19: WO | P19: WO | Q19: 8 | R19: OFF | S19: 8 | T19: 8 | U19: 8 | V19: WO | W19: WO | X19: 8 | Y19: 8 | Z19: 8 | AA19: 8 | AB19: 8 | AC19: WO | AD19: WO | AE19: 8 | AF19: 8 | AG19: 8 | AH19: OFF | AI19: 8 | AJ19: WO | AK19: WO | AL19: PH | AM19: 8 | AN19: 8 | AO19: 8 | AP19: 8 | AQ19: =_xlfn.IFNA(_xlfn.XLOOKUP(Table27[[#This Row],[Name]],Table1[Name],Table1[Status]),"") -> Active | AR19: =Table27[[#This Row],[Actual Hours]]/Table27[[#This Row],[Max Billable Hours]] -> 0.90909091
E20: 1100-1248 | F20: =_xlfn.XLOOKUP(Table27[[#This Row],[Emp ID]],Table1[Emp ID],Table1[Role as per SoW]) -> Quality Engineer | G20: =_xlfn.XLOOKUP(Table27[[#This Row],[Emp ID]],Table1[Emp ID],Table1[Name]) -> employee15 | H20: =IF(Table27[[#This Row],[Status]]="Active",SUM(COUNT(Table27[[#This Row],[1]:[31]]), COUNTIF(Table27[[#This Row],[1]:[31]],"OFF"))*_xlfn.XLOOKUP(Table27[[#This Row],[Name]],Table1[Name],Table1[Billable Hours per day]),"") | I20: =IF(Table27[[#This Row],[Status]]="Active",SUM(Table27[[#This Row],[1]:[31]]),"") | J20: 28 | K20: =IFERROR(Table27[[#This Row],[Actual Hours]]*Table27[[#This Row],[Rate]],"") | L20: 8 | M20: 8 | N20: 8 | O20: WO | P20: WO | Q20: 8 | R20: 8 | S20: 8 | T20: 8 | U20: 8 | V20: WO | W20: WO | X20: 8 | Y20: 8 | Z20: 8 | AA20: 8 | AB20: 8 | AC20: WO | AD20: WO | AE20: 8 | AF20: 8 | AG20: 8 | AH20: 8 | AI20: 8 | AJ20: WO | AK20: WO | AL20: PH | AM20: 8 | AN20: 8 | AO20: 8 | AP20: 8 | AQ20: =_xlfn.IFNA(_xlfn.XLOOKUP(Table27[[#This Row],[Name]],Table1[Name],Table1[Status]),"") -> Inactive | AR20: =Table27[[#This Row],[Actual Hours]]/Table27[[#This Row],[Max Billable Hours]] -> #VALUE!
G21: Total | H21: =SUBTOTAL(109,Table27[Max Billable Hours]) -> 1776 | I21: =SUBTOTAL(109,Table27[Actual Hours]) -> 1696 | K21: =SUBTOTAL(109,Table27[Final Billing Amount]) -> 51232 | L21: =SUBTOTAL(109,Table27[1]) -> 120 | M21: =SUBTOTAL(109,Table27[2]) -> 120 | N21: =SUBTOTAL(109,Table27[3]) -> 120 | O21: =SUBTOTAL(109,Table27[4]) -> 8 | P21: =SUBTOTAL(109,Table27[5]) -> 8 | Q21: =SUBTOTAL(109,Table27[6]) -> 104 | R21: =SUBTOTAL(109,Table27[7]) -> 104 | S21: =SUBTOTAL(109,Table27[8]) -> 112 | T21: =SUBTOTAL(109,Table27[9]) -> 112 | U21: =SUBTOTAL(109,Table27[10]) -> 120 | V21: =SUBTOTAL(109,Table27[11]) -> 8 | W21: =SUBTOTAL(109,Table27[12]) -> 8 | X21: =SUBTOTAL(109,Table27[13]) -> 104 | Y21: =SUBTOTAL(109,Table27[14]) -> 104 | Z21: =SUBTOTAL(109,Table27[15]) -> 112 | AA21: =SUBTOTAL(109,Table27[16]) -> 112 | AB21: =SUBTOTAL(109,Table27[17]) -> 104 | AC21: 0 | AD21: 0 | AE21: =SUBTOTAL(109,Table27[20]) -> 120 | AF21: =SUBTOTAL(109,Table27[21]) -> 112 | AG21: =SUBTOTAL(109,Table27[22]) -> 120 | AH21: =SUBTOTAL(109,Table27[23]) -> 112 | AI21: =SUBTOTAL(109,Table27[24]) -> 104 | AJ21: =SUBTOTAL(109,Table27[25]) -> 0 | AK21: =SUBTOTAL(109,Table27[26]) -> 0 | AL21: =SUBTOTAL(109,Table27[27]) -> 0 | AM21: =SUBTOTAL(109,Table27[28]) -> 120 | AN21: =SUBTOTAL(109,Table27[29]) -> 120 | AO21: =SUBTOTAL(109,Table27[30]) -> 120 | AR21: =Table27[[#Totals],[Actual Hours]]/Table27[[#Totals],[Max Billable Hours]] -> 0.95495495
B23: Actual Hours
B24: =SUM(Table27[Actual Hours]) -> 1696
B27: Utilisation
B28: =SUM(Table27[Actual Hours])/SUM(Table27[Max Billable Hours]) -> 0.95495495

Sheet Team
B1: Emp ID | C1: Name | D1: Role as per SoW | E1: Onboard date | F1: Status | G1: LWD | H1: Billable Hours per day
B2: 1100-1234 | C2: employee1 | D2: Business Analyst | E2: 45621 | F2: Active | H2: 8
B3: 1100-1235 | C3: employee2 | D3: Business Analyst | E3: 45525 | F3: Inactive | H3: 8
B4: 1100-1236 | C4: employee3 | D4: Technical Lead | E4: 45525 | F4: Active | H4: 8
B5: 1100-1237 | C5: employee4 | D5: Solution Architect | E5: 45525 | F5: Inactive | H5: 2
B6: 1100-1238 | C6: employee5 | D6: Pre Sales Consultant | E6: 45525 | F6: Inactive | H6: 8
B7: 1100-1239 | C7: employee6 | D7: Backend Developer | E7: 45525 | F7: Active | H7: 8
B8: 1100-1240 | C8: employee7 | D8: Frontend Developer | E8: 45525 | F8: Active | H8: 8
B9: 1100-1241 | C9: employee8 | D9: Quality Engineer | E9: 45525 | F9: Active | H9: 8
B10: 1100-1242 | C10: employee9 | D10: Automation QA | E10: 45525 | F10: Inactive | H10: 8
B11: 1100-1243 | C11: employee10 | D11: UI/UX Designer | E11: 45525 | F11: Active | H11: 8
B12: 1100-1244 | C12: employee11 | D12: Manager | E12: 45525 | F12: Active | H12: 8
B13: 1100-1245 | C13: employee12 | D13: Backend Engineer | E13: 45572 | F13: Active | H13: 8
... B23: 1100-1255 | C23: employee22 | D23: Backend Developer | E23: 45643 | F23: Active | H23: 8

Sheet Data
B1: Months | C1: # | E1: Year
B2: January | C2: 1 | E2: 2021
B3: February | C3: 2 | E3: 2022
B4: March | C4: 3 | E4: 2023
B5: April | C5: 4 | E5: 2024
B6: May | C6: 5
B7: June | C7: 6
B8: July | C8: 7
B9: August | C9: 8
B10: September | C10: 9
B11: October | C11: 10
B12: November | C12: 11
B13: December | C13: 12
