Workbook
Name Month: Table3[Months]
Name Month: Table3[Months]
Name Team: Table1[Name]
Name Team: Table1[Name]
Name Year: Table4[Year]
Name Year: Table4[Year]

Sheet Instructions
D2: INSTRUCTIONS
D4: Please use these codes appropriately in the timesheet
D5: WO | E5: Week off for Saturday and Sundays
D6: OFF | E6: When the team member has taken an off
D7: H | E7: Public or National Holiday

Sheet March '26
B1: MONTH | C1: YEAR | E1: PROJECT
B2: April | C2: 2026 | E2: Pegasus
L4: =UPPER(TEXT(DATE($C$2,VLOOKUP($B$2,Data!$B$2:$C$13,2,FALSE),Table27[[#Headers],[1]]),"DDD")) -> WED | M4: =UPPER(TEXT(DATE($C$2,VLOOKUP($B$2,Data!$B$2:$C$13,2,FALSE),Table27[[#Headers],[2]]),"DDD")) -> THU | N4: =UPPER(TEXT(DATE($C$2,VLOOKUP($B$2,Data!$B$2:$C$13,2,FALSE),Table27[[#Headers],[3]]),"DDD")) -> FRI | O4: =UPPER(TEXT(DATE($C$2,VLOOKUP($B$2,Data!$B$2:$C$13,2,FALSE),Table27[[#Headers],[4]]),"DDD")) -> SAT | P4: =UPPER(TEXT(DATE($C$2,VLOOKUP($B$2,Data!$B$2:$C$13,2,FALSE),Table27[[#Headers],[5]]),"DDD")) -> SUN | Q4: =UPPER(TEXT(DATE($C$2,VLOOKUP($B$2,Data!$B$2:$C$13,2,FALSE),Table27[[#Headers],[6]]),"DDD")) -> MON | R4: =UPPER(TEXT(DATE($C$2,VLOOKUP($B$2,Data!$B$2:$C$13,2,FALSE),Table27[[#Headers],[7]]),"DDD")) -> TUE | S4: =UPPER(TEXT(DATE($C$2,VLOOKUP($B$2,Data!$B$2:$C$13,2,FALSE),Table27[[#Headers],[8]]),"DDD")) -> WED | T4: =UPPER(TEXT(DATE($C$2,VLOOKUP($B$2,Data!$B$2:$C$13,2,FALSE),Table27[[#Headers],[9]]),"DDD")) -> THU | U4: =UPPER(TEXT(DATE($C$2,VLOOKUP($B$2,Data!$B$2:$C$13,2,FALSE),Table27[[#Headers],[10]]),"DDD")) -> FRI | V4: =UPPER(TEXT(DATE($C$2,VLOOKUP($B$2,Data!$B$2:$C$13,2,FALSE),Table27[[#Headers],[11]]),"DDD")) -> SAT | W4: =UPPER(TEXT(DATE($C$2,VLOOKUP($B$2,Data!$B$2:$C$13,2,FALSE),Table27[[#Headers],[12]]),"DDD")) -> SUN | X4: =UPPER(TEXT(DATE($C$2,VLOOKUP($B$2,Data!$B$2:$C$13,2,FALSE),Table27[[#Headers],[13]]),"DDD")) -> MON | Y4: =UPPER(TEXT(DATE($C$2,VLOOKUP($B$2,Data!$B$2:$C$13,2,FALSE),Table27[[#Headers],[14]]),"DDD")) -> TUE | Z4: =UPPER(TEXT(DATE($C$2,VLOOKUP($B$2,Data!$B$2:$C$13,2,FALSE),Table27[[#Headers],[15]]),"DDD")) -> WED | AA4: =UPPER(TEXT(DATE($C$2,VLOOKUP($B$2,Data!$B$2:$C$13,2,FALSE),Table27[[#Headers],[16]]),"DDD")) -> THU | AB4: =UPPER(TEXT(DATE($C$2,VLOOKUP($B$2,Data!$B$2:$C$13,2,FALSE),Table27[[#Headers],[17]]),"DDD")) -> FRI | AC4: =UPPER(TEXT(DATE($C$2,VLOOKUP($B$2,Data!$B$2:$C$13,2,FALSE),Table27[[#Headers],[18]]),"DDD")) -> SAT | AD4: =UPPER(TEXT(DATE($C$2,VLOOKUP($B$2,Data!$B$2:$C$13,2,FALSE),Table27[[#Headers],[19]]),"DDD")) -> SUN | AE4: =UPPER(TEXT(DATE($C$2,VLOOKUP($B$2,Data!$B$2:$C$13,2,FALSE),Table27[[#Headers],[20]]),"DDD")) -> MON | AF4: =UPPER(TEXT(DATE($C$2,VLOOKUP($B$2,Data!$B$2:$C$13,2,FALSE),Table27[[#Headers],[21]]),"DDD")) -> TUE | AG4: =UPPER(TEXT(DATE($C$2,VLOOKUP($B$2,Data!$B$2:$C$13,2,FALSE),Table27[[#Headers],[22]]),"DDD")) -> WED | AH4: =UPPER(TEXT(DATE($C$2,VLOOKUP($B$2,Data!$B$2:$C$13,2,FALSE),Table27[[#Headers],[23]]),"DDD")) -> THU | AI4: =UPPER(TEXT(DATE($C$2,VLOOKUP($B$2,Data!$B$2:$C$13,2,FALSE),Table27[[#Headers],[24]]),"DDD")) -> FRI | AJ4: =UPPER(TEXT(DATE($C$2,VLOOKUP($B$2,Data!$B$2:$C$13,2,FALSE),Table27[[#Headers],[25]]),"DDD")) -> SAT | AK4: =UPPER(TEXT(DATE($C$2,VLOOKUP($B$2,Data!$B$2:$C$13,2,FALSE),Table27[[#Headers],[26]]),"DDD")) -> SUN | AL4: =UPPER(TEXT(DATE($C$2,VLOOKUP($B$2,Data!$B$2:$C$13,2,FALSE),Table27[[#Headers],[27]]),"DDD")) -> MON | AM4: =UPPER(TEXT(DATE($C$2,VLOOKUP($B$2,Data!$B$2:$C$13,2,FALSE),Table27[[#Headers],[28]]),"DDD")) -> TUE | AN4: =UPPER(TEXT(DATE($C$2,VLOOKUP($B$2,Data!$B$2:$C$13,2,FALSE),Table27[[#Headers],[29]]),"DDD")) -> WED | AO4: =UPPER(TEXT(DATE($C$2,VLOOKUP($B$2,Data!$B$2:$C$13,2,FALSE),Table27[[#Headers],[30]]),"DDD")) -> THU | AP4: =UPPER(TEXT(DATE($C$2,_xlfn.XLOOKUP($B$2,Data!$B$2:$B$13,Data!$C$2:$C$13),Table27[[#Headers],[24]]),"DDD")) -> FRI
B5: Total Bill | E5: Emp ID | F5: Role as per SoW | G5: Name | H5: Max Billable Hours | I5: Actual Hours | J5: Rate | K5: Final Billing Amount | L5: 1 | M5: 2 | N5: 3 | O5: 4 | P5: 5 | Q5: 6 | R5: 7 | S5: 8 | T5: 9 | U5: 10 | V5: 11 | W5: 12 | X5: 13 | Y5: 14 | Z5: 15 | AA5: 16 | AB5: 17 | AC5: 18 | AD5: 19 | AE5: 20 | AF5: 21 | AG5: 22 | AH5: 23 | AI5: 24 | AJ5: 25 | AK5: 26 | AL5: 27 | AM5: 28 | AN5: 29 | AO5: 30 | AP5: 31 | AQ5: Status | AR5: Billing %
B6: =SUM(Table27[Final Billing Amount]) -> 12320 | E6: RH0095 | F6: =VLOOKUP(Table27[[#This Row],[Emp ID]],Table1[],3,FALSE) -> ML-NLP | G6: =VLOOKUP(Table27[[#This Row],[Emp ID]],Table1[],2,FALSE) -> Rohit Nayal | H6: =IF(Table27[[#This Row],[Status]]="Active",SUM(COUNT(Table27[[#This Row],[1]:[31]]), COUNTIF(Table27[[#This Row],[1]:[31]],"OFF"))*VLOOKUP(Table27[[#This Row],[Name]],Table1[[#All],[Name]:[Billable Hours per day]],6,FALSE),"") -> 176 | I6: =IF(Table27[[#This Row],[Status]]="Active",SUM(Table27[[#This Row],[1]:[31]]),"") -> 176 | J6: 35 | K6: =IFERROR(Table27[[#This Row],[Actual Hours]]*Table27[[#This Row],[Rate]],"") -> 6160 | L6: 8 | M6: 8 | N6: 8 | O6: WO | P6: WO | Q6: 8 | R6: 8 | S6: 8 | T6: 8 | U6: 8 | V6: WO | W6: WO | X6: 8 | Y6: 8 | Z6: 8 | AA6: 8 | AB6: 8 | AC6: WO | AD6: WO | AE6: 8 | AF6: 8 | AG6: 8 | AH6: 8 | AI6: 8 | AJ6: WO | AK6: WO | AL6: 8 | AM6: 8 | AN6: 8 | AO6: 8 | AQ6: =_xlfn.IFNA(VLOOKUP(Table27[[#This Row],[Name]],Table1[[#All],[Name]:[Status]],4,FALSE),"") -> Active | AR6: =Table27[[#This Row],[Actual Hours]]/Table27[[#This Row],[Max Billable Hours]] -> 1
E7: 1100-11782 | F7: =VLOOKUP(Table27[[#This Row],[Emp ID]],Table1[],3,FALSE) -> Backend Developer | G7: =VLOOKUP(Table27[[#This Row],[Emp ID]],Table1[],2,FALSE) -> Chandeashekhar Jani | H7: =IF(Table27[[#This Row],[Status]]="Active",SUM(COUNT(Table27[[#This Row],[1]:[31]]), COUNTIF(Table27[[#This Row],[1]:[31]],"OFF"))*VLOOKUP(Table27[[#This Row],[Name]],Table1[[#All],[Name]:[Billable Hours per day]],6,FALSE),"") -> 176 | I7: =IF(Table27[[#This Row],[Status]]="Active",SUM(Table27[[#This Row],[1]:[31]]),"") -> 176 | J7: 35 | K7: =IFERROR(Table27[[#This Row],[Actual Hours]]*Table27[[#This Row],[Rate]],"") -> 6160 | L7: 8 | M7: 8 | N7: 8 | O7: WO | P7: WO | Q7: 8 | R7: 8 | S7: 8 | T7: 8 | U7: 8 | V7: WO | W7: WO | X7: 8 | Y7: 8 | Z7: 8 | AA7: 8 | AB7: 8 | AC7: WO | AD7: WO | AE7: 8 | AF7: 8 | AG7: 8 | AH7: 8 | AI7: 8 | AJ7: WO | AK7: WO | AL7: 8 | AM7: 8 | AN7: 8 | AO7: 8 | AQ7: =_xlfn.IFNA(VLOOKUP(Table27[[#This Row],[Name]],Table1[[#All],[Name]:[Status]],4,FALSE),"") -> Active | AR7: =Table27[[#This Row],[Actual Hours]]/Table27[[#This Row],[Max Billable Hours]] -> 1
B8: Max Billable | G8: Total | H8: =SUBTOTAL(109,Table27[Max Billable Hours]) -> 352 | I8: =SUBTOTAL(109,Table27[Actual Hours]) -> 352 | K8: =SUBTOTAL(109,Table27[Final Billing Amount]) -> 12320 | L8: =SUBTOTAL(109,Table27[1]) -> 16 | M8: =SUBTOTAL(109,Table27[2]) -> 16 | N8: =SUBTOTAL(109,Table27[3]) -> 16 | O8: =SUBTOTAL(109,Table27[4]) -> 0 | P8: =SUBTOTAL(109,Table27[5]) -> 0 | Q8: =SUBTOTAL(109,Table27[6]) -> 16 | R8: =SUBTOTAL(109,Table27[7]) -> 16 | S8: =SUBTOTAL(109,Table27[8]) -> 16 | T8: =SUBTOTAL(109,Table27[9]) -> 16 | U8: =SUBTOTAL(109,Table27[10]) -> 16 | V8: =SUBTOTAL(109,Table27[11]) -> 0 | W8: =SUBTOTAL(109,Table27[12]) -> 0 | X8: =SUBTOTAL(109,Table27[13]) -> 16 | Y8: =SUBTOTAL(109,Table27[14]) -> 16 | Z8: =SUBTOTAL(109,Table27[15]) -> 16 | AA8: =SUBTOTAL(109,Table27[16]) -> 16 | AB8: =SUBTOTAL(109,Table27[17]) -> 16 | AC8: =SUBTOTAL(109,Table27[18]) -> 0 | AD8: =SUBTOTAL(109,Table27[19]) -> 0 | AE8: =SUBTOTAL(109,Table27[20]) -> 16 | AF8: =SUBTOTAL(109,Table27[21]) -> 16 | AG8: =SUBTOTAL(109,Table27[22]) -> 16 | AH8: =SUBTOTAL(109,Table27[23]) -> 16 | AI8: =SUBTOTAL(109,Table27[24]) -> 16 | AJ8: =SUBTOTAL(109,Table27[25]) -> 0 | AK8: =SUBTOTAL(109,Table27[26]) -> 0 | AL8: =SUBTOTAL(109,Table27[27]) -> 16 | AM8: =SUBTOTAL(109,Table27[28]) -> 16 | AN8: =SUBTOTAL(109,Table27[29]) -> 16 | AO8: =SUBTOTAL(109,Table27[30]) -> 16 | AR8: =Table27[[#Totals],[Actual Hours]]/Table27[[#Totals],[Max Billable Hours]] -> 1
B9: =SUM(Table27[Max Billable Hours]) -> 352
B12: Actual Hours
B13: =SUM(Table27[Actual Hours]) -> 352
B16: Utilisation
B17: =SUM(Table27[Actual Hours])/SUM(Table27[Max Billable Hours]) -> 1

Sheet Team
B1: Emp ID | C1: Name | D1: Role as per SoW | E1: Onboard date | F1: Status | G1: LWD | H1: Billable Hours per day
B2: RH0095 | C2: Rohit Nayal | D2: ML-NLP | F2: Active | H2: 8
B3: 4378 | C3: Apoorva Rastogi | D3: Senior BA | F3: Active | H3: 8
B4: 4217 | C4: Venu Thanneeru | D4: Fullstack | F4: Active | H4: 8
B5: 1100-5100 | C5: MadhuSudhan Reddy Thota | D5: Backend Developer | F5: Active | H5: 8
B6: 5883 | C6: Chetan N | D6: Frontend Developer | F6: Active | H6: 8
B7: 3476 | C7: Bhavani Sivarambotla | D7: Frontend Developer | F7: Active | H7: 8
B8: 1100-5229 | C8: Madhusudhakar Malle | D8: Backend Developer | F8: Active | H8: 8
B9: 1100-11640 | C9: Raj Yadav | D9: Fullstack | F9: Active | H9: 8
B10: 2325 | C10: Maruti H | D10: Frontend Developer | F10: Active | H10: 8
B11: 1101-3242 | C11: Afroz Ahmed Sheikh | D11: Fullstack Developer | F11: Active | H11: 8
B12: 1100-11782 | C12: Chandeashekhar Jani | D12: Backend Developer | F12: Active | H12: 8

Sheet Data
B1: Months | C1: # | E1: Year
B2: January | C2: 1 | E2: 2021
B3: February | C3: 2 | E3: 2022
B4: March | C4: 3 | E4: 2023
B5: April | C5: 4 | E5: 2024
B6: May | C6: 5 | E6: 2025
B7: June | C7: 6 | E7: 2026
B8: July | C8: 7
B9: August | C9: 8
B10: September | C10: 9
B11: October | C11: 10
B12: November | C12: 11
B13: December | C13: 12
